d1.name,d2.name,d3.name,r1.female_avg_years,r1.male_avg_years,r1.overall_avg_years,r1.overall_frequency,r2.female_avg_years,r2.male_avg_years,r2.overall_avg_years,r2.overall_frequency
Diabetes,Hyperlipidaemia,Hypertension,1.047203624,0.92919938,0.965828167,230014,0.773096315,0.838158449,0.823175458,152230
Diabetes,Hyperlipidaemia,Anxiety disorder,1.047203624,0.92919938,0.965828167,230014,1.364712778,1.250589159,1.310733769,40694
Diabetes,Hyperlipidaemia,Arthrosis/spondylosis,1.047203624,0.92919938,0.965828167,230014,4.107957787,4.257649913,4.203159478,39880
Diabetes,Hyperlipidaemia,Obesity,1.047203624,0.92919938,0.965828167,230014,1.063629518,1.102127122,1.093572106,25296
Diabetes,Hyperlipidaemia,Ischemic heart disease,1.047203624,0.92919938,0.965828167,230014,0.700824279,0.689963909,0.691200698,20638
Diabetes,Hyperlipidaemia,Atrial fibrillation,1.047203624,0.92919938,0.965828167,230014,1.301265823,1.343696944,1.337443698,13543
Diabetes,Hyperlipidaemia,Heart failure,1.047203624,0.92919938,0.965828167,230014,1.373119154,1.298109428,1.322071571,13497
Diabetes,Hyperlipidaemia,Hypothyroidism,1.047203624,0.92919938,0.965828167,230014,0.984426681,0.960734201,0.980496884,12357
Diabetes,Hyperlipidaemia,Tobacco dependence,1.047203624,0.92919938,0.965828167,230014,0.963541667,1.101767493,1.092912741,12205
Diabetes,Hyperlipidaemia,Retinopathy,1.047203624,0.92919938,0.965828167,230014,1.401976496,1.558407217,1.509223391,10842
Diabetes,Hyperlipidaemia,COPD,1.047203624,0.92919938,0.965828167,230014,3.636730575,3.82467697,3.777169664,10232
Diabetes,Hyperlipidaemia,Mood disorder,1.047203624,0.92919938,0.965828167,230014,1.213547874,1.022302592,1.14279264,8859
Diabetes,Hyperlipidaemia,Glaucoma,1.047203624,0.92919938,0.965828167,230014,1.029991783,1.012605042,1.023460872,6351
Diabetes,Hyperlipidaemia,Chronic kidney disease,1.047203624,0.92919938,0.965828167,230014,3.996621622,4.365657648,4.233454924,5757
Diabetes,Hyperlipidaemia,Extremity arteriopathy diseases,1.047203624,0.92919938,0.965828167,230014,1.216284987,1.312933754,1.294856459,5016
Diabetes,Hyperlipidaemia,Motor disorders with no CVA,1.047203624,0.92919938,0.965828167,230014,1.591046582,1.462040816,1.53396488,4328
Diabetes,Hyperlipidaemia,Dementia,1.047203624,0.92919938,0.965828167,230014,1.625644805,1.589276139,1.593315587,3381
Diabetes,Hyperlipidaemia,Asthma,1.047203624,0.92919938,0.965828167,230014,3.671933785,3.504151839,3.57855127,3189
Diabetes,Hyperlipidaemia,Alcohol dependence,1.047203624,0.92919938,0.965828167,230014,1.413043478,1.248229594,1.264716007,2905
Diabetes,Hyperlipidaemia,Other organic mental disorder,1.047203624,0.92919938,0.965828167,230014,1.72845953,1.594736842,1.618240807,2774
Diabetes,Hyperlipidaemia,Osteoporosis,1.047203624,0.92919938,0.965828167,230014,3.589032258,3.790349418,3.644434629,2264
Diabetes,Hyperlipidaemia,Urinary lithiasis,1.047203624,0.92919938,0.965828167,230014,3.630630631,3.635116598,3.653759568,2221
Diabetes,Hyperlipidaemia,Other arthropathies,1.047203624,0.92919938,0.965828167,230014,3.547945205,3.661305582,3.632066277,2052
Diabetes,Hyperlipidaemia,Hepatic steatosis,1.047203624,0.92919938,0.965828167,230014,3.864118896,3.686730506,3.72691358,2025
Diabetes,Hyperlipidaemia,Psoriasis,1.047203624,0.92919938,0.965828167,230014,3.632653061,3.721374046,3.718079673,1958
Diabetes,Hyperlipidaemia,Acquired heart diseases,1.047203624,0.92919938,0.965828167,230014,1.328703704,1.235839341,1.277982133,1903
Diabetes,Hyperlipidaemia,Gastroesophageal reflux disease,1.047203624,0.92919938,0.965828167,230014,3.544510386,3.639412998,3.617938264,1717
Diabetes,Hyperlipidaemia,Ischemic hepatitis except for cirrhosis,1.047203624,0.92919938,0.965828167,230014,3.954545455,3.841698842,3.865168539,1602
Diabetes,Hyperlipidaemia,Age-related macular degeneration,1.047203624,0.92919938,0.965828167,230014,1.952305246,1.531941032,1.706275033,1498
Diabetes,Hyperlipidaemia,Gout and other crystal deposition diseases,1.047203624,0.92919938,0.965828167,230014,3.211538462,3.438259109,3.385049365,1418
Diabetes,Hypertension,Arthrosis/spondylosis,1.08202835,1.127513431,1.11348239,200595,4.779300397,4.623178694,4.696704657,108274
Diabetes,Hypertension,Hyperlipidaemia,1.08202835,1.127513431,1.11348239,200595,4.519901553,4.253193106,4.357946419,67823
Diabetes,Hypertension,Heart failure,1.08202835,1.127513431,1.11348239,200595,2.004352873,1.699494458,1.799277845,32403
Diabetes,Hypertension,COPD,1.08202835,1.127513431,1.11348239,200595,4.574972836,4.249243189,4.331408456,25283
Diabetes,Hypertension,Anxiety disorder,1.08202835,1.127513431,1.11348239,200595,4.601145451,4.267329657,4.414862666,20279
Diabetes,Hypertension,Chronic kidney disease,1.08202835,1.127513431,1.11348239,200595,5.263911399,4.953281097,5.02238292,14520
Diabetes,Hypertension,Obesity,1.08202835,1.127513431,1.11348239,200595,4.456563246,4.285311427,4.334505427,13082
Diabetes,Hypertension,Atrial fibrillation,1.08202835,1.127513431,1.11348239,200595,4.949137148,4.75150208,4.793608522,9012
Diabetes,Hypertension,Retinopathy,1.08202835,1.127513431,1.11348239,200595,4.402755002,4.273574357,4.322094451,8957
Diabetes,Hypertension,Ischemic heart disease,1.08202835,1.127513431,1.11348239,200595,4.236387782,4.177145981,4.194614138,8021
Diabetes,Hypertension,Asthma,1.08202835,1.127513431,1.11348239,200595,4.149704326,4.072345391,4.111554352,7019
Diabetes,Hypertension,Hypothyroidism,1.08202835,1.127513431,1.11348239,200595,4.219804401,4.120168067,4.171014068,6824
Diabetes,Hypertension,Osteoporosis,1.08202835,1.127513431,1.11348239,200595,4.210668467,4.25549806,4.255562619,6292
Diabetes,Hypertension,Tobacco dependence,1.08202835,1.127513431,1.11348239,200595,3.752066116,3.912918832,3.905703176,6172
Diabetes,Hypertension,Other arthropathies,1.08202835,1.127513431,1.11348239,200595,4.27268623,3.783359498,3.998807157,5030
Diabetes,Hypertension,Mood disorder,1.08202835,1.127513431,1.11348239,200595,4.391019338,4.115958668,4.281424025,5028
Diabetes,Hypertension,Extremity arteriopathy diseases,1.08202835,1.127513431,1.11348239,200595,4.792587313,4.39022082,4.541295798,4831
Diabetes,Hypertension,Urinary lithiasis,1.08202835,1.127513431,1.11348239,200595,4.293880296,3.979552093,4.083298451,4778
Diabetes,Hypertension,Psoriasis,1.08202835,1.127513431,1.11348239,200595,4.298342541,4.062046444,4.148606115,4448
Diabetes,Hypertension,Hepatic steatosis,1.08202835,1.127513431,1.11348239,200595,4.522607781,4.216440887,4.297651934,4344
Diabetes,Hypertension,Gout and other crystal deposition diseases,1.08202835,1.127513431,1.11348239,200595,4.228202368,4.037593985,4.104244874,3463
Diabetes,Hypertension,Gastroesophageal reflux disease,1.08202835,1.127513431,1.11348239,200595,4.116071429,4.002087683,4.039393055,3427
Diabetes,Hypertension,Glaucoma,1.08202835,1.127513431,1.11348239,200595,4.222560976,4.025061125,4.098126389,3149
Diabetes,Hypertension,Ischemic hepatitis except for cirrhosis,1.08202835,1.127513431,1.11348239,200595,4.831353919,4.371493556,4.448529412,3128
Diabetes,Hypertension,Dementia,1.08202835,1.127513431,1.11348239,200595,5.042938931,5.126528117,5.053653371,2833
Diabetes,Hypertension,Motor disorders with no CVA,1.08202835,1.127513431,1.11348239,200595,4.505481121,4.650238474,4.623762376,2828
Diabetes,Hypertension,Other organic mental disorder,1.08202835,1.127513431,1.11348239,200595,5.313432836,4.383128295,4.608770421,2326
Diabetes,Hypertension,Alcohol dependence,1.08202835,1.127513431,1.11348239,200595,4.042735043,4.466357309,4.438473939,1861
Diabetes,Hypertension,Acquired heart diseases,1.08202835,1.127513431,1.11348239,200595,4.46557971,4.141206675,4.271418287,1389
Diabetes,Hypertension,Age-related macular degeneration,1.08202835,1.127513431,1.11348239,200595,4.597894737,4.254742547,4.34026174,1299
Diabetes,Hypertension,Colorectal cancer,1.08202835,1.127513431,1.11348239,200595,4.595348837,4.301643192,4.343189964,1116
Diabetes,Hypertension,Collagen diseases and vasculitis,1.08202835,1.127513431,1.11348239,200595,4.240121581,3.866120219,4.092250923,1084
Diabetes,Hypertension,Lung and Bronchus Cancer,1.08202835,1.127513431,1.11348239,200595,4.611570248,4.183789954,4.28460039,1026
Diabetes,Hypertension,Fibromyalgia,1.08202835,1.127513431,1.11348239,200595,3.640776699,5.552941176,4.098135427,1019
Diabetes,Arthrosis/spondylosis,Hyperlipidaemia,4.554297097,4.421048574,4.488351042,46399,1.066371229,0.845244476,0.951308161,66582
Diabetes,Arthrosis/spondylosis,Hypertension,4.554297097,4.421048574,4.488351042,46399,0.815190225,0.824913468,0.824182208,49921
Diabetes,Arthrosis/spondylosis,Anxiety disorder,4.554297097,4.421048574,4.488351042,46399,1.417371388,1.215068187,1.328085465,21342
Diabetes,Arthrosis/spondylosis,Chronic kidney disease,4.554297097,4.421048574,4.488351042,46399,1.494818653,1.294260553,1.373062192,10966
Diabetes,Arthrosis/spondylosis,Obesity,4.554297097,4.421048574,4.488351042,46399,1.346984363,1.339408667,1.331581161,9512
Diabetes,Arthrosis/spondylosis,Heart failure,4.554297097,4.421048574,4.488351042,46399,1.610419026,1.32563355,1.441871456,8464
Diabetes,Arthrosis/spondylosis,Atrial fibrillation,4.554297097,4.421048574,4.488351042,46399,1.763842877,1.522457067,1.599885272,6973
Diabetes,Arthrosis/spondylosis,COPD,4.554297097,4.421048574,4.488351042,46399,3.491726991,3.380801944,3.421948912,6342
Diabetes,Arthrosis/spondylosis,Hypothyroidism,4.554297097,4.421048574,4.488351042,46399,1.345488546,1.235404896,1.306409841,6178
Diabetes,Arthrosis/spondylosis,Retinopathy,4.554297097,4.421048574,4.488351042,46399,1.687423187,1.447994056,1.552674524,5515
Diabetes,Arthrosis/spondylosis,Ischemic heart disease,4.554297097,4.421048574,4.488351042,46399,1.059824652,1.05319494,1.054172211,5261
Diabetes,Arthrosis/spondylosis,Other arthropathies,4.554297097,4.421048574,4.488351042,46399,1.354265916,1.01975052,1.190200445,4490
Diabetes,Arthrosis/spondylosis,Mood disorder,4.554297097,4.421048574,4.488351042,46399,1.383643617,1.226844584,1.340134529,4460
Diabetes,Arthrosis/spondylosis,Urinary lithiasis,4.554297097,4.421048574,4.488351042,46399,1.360872439,1.160626398,1.250189346,3961
Diabetes,Arthrosis/spondylosis,Gout and other crystal deposition diseases,4.554297097,4.421048574,4.488351042,46399,1.229895105,1.109923664,1.165544676,3268
Diabetes,Arthrosis/spondylosis,Tobacco dependence,4.554297097,4.421048574,4.488351042,46399,1.814814815,1.413947798,1.487414966,2940
Diabetes,Arthrosis/spondylosis,Extremity arteriopathy diseases,4.554297097,4.421048574,4.488351042,46399,1.674418605,1.520628684,1.598767669,2759
Diabetes,Arthrosis/spondylosis,Motor disorders with no CVA,4.554297097,4.421048574,4.488351042,46399,2.2248394,1.700379267,1.86474335,2669
Diabetes,Arthrosis/spondylosis,Glaucoma,4.554297097,4.421048574,4.488351042,46399,1.376399655,1.215541166,1.282288599,2377
Diabetes,Arthrosis/spondylosis,Dementia,4.554297097,4.421048574,4.488351042,46399,1.943718593,1.755859375,1.836057917,2141
Diabetes,Arthrosis/spondylosis,Asthma,4.554297097,4.421048574,4.488351042,46399,3.527502254,3.171428571,3.364794714,2119
Diabetes,Arthrosis/spondylosis,Osteoporosis,4.554297097,4.421048574,4.488351042,46399,3.58852459,3.452459016,3.546708464,1595
Diabetes,Arthrosis/spondylosis,Other organic mental disorder,4.554297097,4.421048574,4.488351042,46399,2.487654321,1.915053763,2.111780455,1494
Diabetes,Arthrosis/spondylosis,Fibromyalgia,4.554297097,4.421048574,4.488351042,46399,0.748643761,0.708474576,0.741426612,1458
Diabetes,Arthrosis/spondylosis,Gastroesophageal reflux disease,4.554297097,4.421048574,4.488351042,46399,3.499165275,3.052727273,3.337770383,1202
Diabetes,Arthrosis/spondylosis,Psoriasis,4.554297097,4.421048574,4.488351042,46399,3.401197605,3.281198003,3.324208725,1169
Diabetes,Arthrosis/spondylosis,Collagen diseases and vasculitis,4.554297097,4.421048574,4.488351042,46399,1.451058201,1.036414566,1.311587983,1165
Diabetes,Arthrosis/spondylosis,Hepatic steatosis,4.554297097,4.421048574,4.488351042,46399,3.797297297,3.608815427,3.644908616,1149
Diabetes,Anxiety disorder,Hypertension,1.479378739,1.373576684,1.420269591,45773,0.933861068,0.903101495,0.915686514,40895
Diabetes,Anxiety disorder,Arthrosis/spondylosis,1.479378739,1.373576684,1.420269591,45773,4.077398106,3.839190329,3.963184932,15184
Diabetes,Anxiety disorder,Hyperlipidaemia,1.479378739,1.373576684,1.420269591,45773,3.90659455,3.782153983,3.859163592,9756
Diabetes,Anxiety disorder,Heart failure,1.479378739,1.373576684,1.420269591,45773,1.159003263,0.88114997,1.023117288,7051
Diabetes,Anxiety disorder,Atrial fibrillation,1.479378739,1.373576684,1.420269591,45773,1.286906854,1.183274021,1.23846592,5267
Diabetes,Anxiety disorder,Retinopathy,1.479378739,1.373576684,1.420269591,45773,1.265780731,1.036936937,1.156707787,5188
Diabetes,Anxiety disorder,Ischemic heart disease,1.479378739,1.373576684,1.420269591,45773,0.738046796,0.657087379,0.694761301,4734
Diabetes,Anxiety disorder,COPD,1.479378739,1.373576684,1.420269591,45773,3.622497617,3.506770833,3.551568057,3093
Diabetes,Anxiety disorder,Obesity,1.479378739,1.373576684,1.420269591,45773,4.182596291,3.918880115,4.043567052,2938
Diabetes,Anxiety disorder,Glaucoma,1.479378739,1.373576684,1.420269591,45773,0.904983389,0.56812749,0.755278643,2889
Diabetes,Anxiety disorder,Motor disorders with no CVA,1.479378739,1.373576684,1.420269591,45773,1.870967742,1.739276703,1.803002563,2731
Diabetes,Anxiety disorder,Chronic kidney disease,1.479378739,1.373576684,1.420269591,45773,3.852081488,3.954198473,3.899623588,2391
Diabetes,Anxiety disorder,Mood disorder,1.479378739,1.373576684,1.420269591,45773,3.766073871,3.585620915,3.72644771,2314
Diabetes,Anxiety disorder,Hypothyroidism,1.479378739,1.373576684,1.420269591,45773,3.557722309,3.587686567,3.578482328,1924
Diabetes,Anxiety disorder,Extremity arteriopathy diseases,1.479378739,1.373576684,1.420269591,45773,0.766505636,0.92139738,0.848837209,1376
Diabetes,Anxiety disorder,Asthma,1.479378739,1.373576684,1.420269591,45773,3.970588235,4.079295154,4.007103394,1267
Diabetes,Anxiety disorder,Tobacco dependence,1.479378739,1.373576684,1.420269591,45773,3.833333333,3.32112069,3.395708155,1165
Diabetes,Anxiety disorder,Osteoporosis,1.479378739,1.373576684,1.420269591,45773,3.501219512,3.846491228,3.553211009,1090
Diabetes,Anxiety disorder,Acquired heart diseases,1.479378739,1.373576684,1.420269591,45773,1.294892916,0.855421687,1.096866097,1053
Diabetes,Anxiety disorder,Hepatic steatosis,1.479378739,1.373576684,1.420269591,45773,3.732360097,3.680555556,3.686947988,1019
Diabetes,Obesity,Hypertension,1.251810904,1.308111622,1.290842082,32289,0.753569212,0.786902058,0.773998521,22991
Diabetes,Obesity,Anxiety disorder,1.251810904,1.308111622,1.290842082,32289,0.875207592,0.826290036,0.848722132,9195
Diabetes,Obesity,Arthrosis/spondylosis,1.251810904,1.308111622,1.290842082,32289,4.15802269,3.946406444,4.037383178,6099
Diabetes,Obesity,Tobacco dependence,1.251810904,1.308111622,1.290842082,32289,0.500787402,0.394180949,0.409098742,5803
Diabetes,Obesity,Retinopathy,1.251810904,1.308111622,1.290842082,32289,0.473333333,0.542016807,0.526816609,5780
Diabetes,Obesity,Hyperlipidaemia,1.251810904,1.308111622,1.290842082,32289,4.178947368,3.904717422,4.018018018,3885
Diabetes,Obesity,Heart failure,1.251810904,1.308111622,1.290842082,32289,0.93440335,0.817615658,0.855962829,3874
Diabetes,Obesity,Ischemic heart disease,1.251810904,1.308111622,1.290842082,32289,0.274820144,0.388543823,0.351399378,2251
Diabetes,Obesity,Mood disorder,1.251810904,1.308111622,1.290842082,32289,0.897058824,0.63562753,0.786821705,2064
Diabetes,Obesity,Atrial fibrillation,1.251810904,1.308111622,1.290842082,32289,0.815909091,0.736377025,0.765877287,1858
Diabetes,Obesity,Glaucoma,1.251810904,1.308111622,1.290842082,32289,0.606998654,0.570267131,0.572609209,1694
Diabetes,Obesity,Motor disorders with no CVA,1.251810904,1.308111622,1.290842082,32289,0.676605505,0.646634615,0.64516129,1333
Diabetes,Ischemic heart disease,Hypertension,0.952899309,1.003264802,0.99649248,16821,0.507570544,0.62565828,0.589709979,30515
Diabetes,Ischemic heart disease,Heart failure,0.952899309,1.003264802,0.99649248,16821,1.242458101,1.190406445,1.207974519,8477
Diabetes,Ischemic heart disease,Arthrosis/spondylosis,0.952899309,1.003264802,0.99649248,16821,3.908095238,3.763798064,3.83011583,6216
Diabetes,Ischemic heart disease,Hyperlipidaemia,0.952899309,1.003264802,0.99649248,16821,3.670485175,3.788510911,3.737159493,4809
Diabetes,Ischemic heart disease,Chronic kidney disease,0.952899309,1.003264802,0.99649248,16821,3.627118644,3.85754386,3.793171697,2021
Diabetes,Ischemic heart disease,COPD,0.952899309,1.003264802,0.99649248,16821,3.65060241,3.602132896,3.611318408,1608
Diabetes,Ischemic heart disease,Acquired heart diseases,0.952899309,1.003264802,0.99649248,16821,0.792746114,0.714907508,0.756739409,1558
Diabetes,Ischemic heart disease,Obesity,0.952899309,1.003264802,0.99649248,16821,3.774774775,4.046172539,3.970930233,1204
Diabetes,Ischemic heart disease,Anxiety disorder,0.952899309,1.003264802,0.99649248,16821,3.460554371,3.579731744,3.497461929,1182
Diabetes,Ischemic heart disease,Atrial fibrillation,0.952899309,1.003264802,0.99649248,16821,3.196787149,3.556847545,3.496226415,1060
Diabetes,Atrial fibrillation,Hypertension,1.528437917,1.522583601,1.517433478,15258,0.577726218,0.589699472,0.580508475,11800
Diabetes,Atrial fibrillation,Heart failure,1.528437917,1.522583601,1.517433478,15258,0.578785076,0.640733537,0.620711974,10815
Diabetes,Atrial fibrillation,Arthrosis/spondylosis,1.528437917,1.522583601,1.517433478,15258,3.584684685,3.454413893,3.492878193,4072
Diabetes,Atrial fibrillation,Hyperlipidaemia,1.528437917,1.522583601,1.517433478,15258,3.28202847,3.450490633,3.370930897,3502
Diabetes,Atrial fibrillation,Ischemic heart disease,1.528437917,1.522583601,1.517433478,15258,0.361736334,0.369365002,0.366141732,2794
Diabetes,Atrial fibrillation,Chronic kidney disease,1.528437917,1.522583601,1.517433478,15258,2.903885481,3.3368,3.208449138,1799
Diabetes,Atrial fibrillation,Acquired heart diseases,1.528437917,1.522583601,1.517433478,15258,0.496108949,0.495424837,0.492797574,1319
Diabetes,Atrial fibrillation,COPD,1.528437917,1.522583601,1.517433478,15258,3.189320388,3.167064439,3.179908676,1095
Diabetes,Atrial fibrillation,Motor disorders with no CVA,1.528437917,1.522583601,1.517433478,15258,3.168091168,3.118616145,3.152694611,1002
Diabetes,Heart failure,Arthrosis/spondylosis,1.591628959,1.428308026,1.495441726,15247,3.543371522,3.554375804,3.530979411,10394
Diabetes,Heart failure,Hyperlipidaemia,1.591628959,1.428308026,1.495441726,15247,3.556144729,3.595938897,3.574660129,8974
Diabetes,Heart failure,Chronic kidney disease,1.591628959,1.428308026,1.495441726,15247,3.392759188,3.459246275,3.444322344,5460
Diabetes,Heart failure,Atrial fibrillation,1.591628959,1.428308026,1.495441726,15247,3.234274711,3.454891995,3.394331485,4869
Diabetes,Heart failure,Hypertension,1.591628959,1.428308026,1.495441726,15247,3.818921668,3.870485679,3.839899413,3579
Diabetes,Heart failure,COPD,1.591628959,1.428308026,1.495441726,15247,3.274509804,3.335294118,3.310882445,3207
Diabetes,Heart failure,Anxiety disorder,1.591628959,1.428308026,1.495441726,15247,3.619188922,3.701636905,3.66040049,2447
Diabetes,Heart failure,Obesity,1.591628959,1.428308026,1.495441726,15247,3.492610837,3.691432396,3.625878462,2419
Diabetes,Heart failure,Motor disorders with no CVA,1.591628959,1.428308026,1.495441726,15247,3.375186846,3.556962025,3.507910529,1833
Diabetes,Heart failure,Retinopathy,1.591628959,1.428308026,1.495441726,15247,3.187376726,3.268217054,3.263286999,1223
Diabetes,Heart failure,Asthma,1.591628959,1.428308026,1.495441726,15247,3.564766839,3.431985294,3.483843537,1176
Diabetes,Heart failure,Ischemic heart disease,1.591628959,1.428308026,1.495441726,15247,2.957575758,3.159025788,3.09971778,1063
Diabetes,Heart failure,Mood disorder,1.591628959,1.428308026,1.495441726,15247,3.264448336,3.29280397,3.267453294,1017
Diabetes,Hypothyroidism,Hypertension,1.152599352,1.207369498,1.173755592,14083,0.978819696,1.097915351,1.024329853,9289
Diabetes,Hypothyroidism,Anxiety disorder,1.152599352,1.207369498,1.173755592,14083,1.082317073,1.128938156,1.089137332,6619
Diabetes,Hypothyroidism,Obesity,1.152599352,1.207369498,1.173755592,14083,0.68452381,0.638888889,0.665199046,5451
Diabetes,Hypothyroidism,Arthrosis/spondylosis,1.152599352,1.207369498,1.173755592,14083,4.035498995,3.803207896,3.968414659,4939
Diabetes,Hypothyroidism,Mood disorder,1.152599352,1.207369498,1.173755592,14083,0.416895874,0.472268908,0.433774834,3926
Diabetes,Hypothyroidism,Hyperlipidaemia,1.152599352,1.207369498,1.173755592,14083,4.182410423,3.90498155,4.077846254,3083
Diabetes,Hypothyroidism,Heart failure,1.152599352,1.207369498,1.173755592,14083,1.212550607,1.091954023,1.14791901,1778
Diabetes,Hypothyroidism,Ischemic heart disease,1.152599352,1.207369498,1.173755592,14083,0.652413793,0.784285714,0.711140761,1499
Diabetes,Hypothyroidism,Atrial fibrillation,1.152599352,1.207369498,1.173755592,14083,1.437967115,1.213498623,1.315825375,1466
Diabetes,Hypothyroidism,Retinopathy,1.152599352,1.207369498,1.173755592,14083,1.356744705,1.058275058,1.264951321,1438
Diabetes,Hypothyroidism,Tobacco dependence,1.152599352,1.207369498,1.173755592,14083,0.959677419,0.816091954,0.84103512,1082
Diabetes,Tobacco dependence,Hypertension,1.5,1.248906424,1.268813898,13009,0.983375959,0.983936182,0.982381471,10103
Diabetes,Tobacco dependence,Anxiety disorder,1.5,1.248906424,1.268813898,13009,0.955271565,0.909705882,0.919759036,4150
Diabetes,Tobacco dependence,Hyperlipidaemia,1.5,1.248906424,1.268813898,13009,4.133333333,3.736863379,3.780479085,2797
Diabetes,Tobacco dependence,Arthrosis/spondylosis,1.5,1.248906424,1.268813898,13009,3.582375479,3.754385965,3.757913669,2780
Diabetes,Tobacco dependence,Glaucoma,1.5,1.248906424,1.268813898,13009,0.125523013,0.256619145,0.239523599,2267
Diabetes,Tobacco dependence,Ischemic heart disease,1.5,1.248906424,1.268813898,13009,0.490322581,0.533816425,0.533598585,2262
Diabetes,Tobacco dependence,Heart failure,1.5,1.248906424,1.268813898,13009,1.111111111,1.063841202,1.062711047,2073
Diabetes,Tobacco dependence,Retinopathy,1.5,1.248906424,1.268813898,13009,1.117073171,1.103859251,1.100544824,2019
Diabetes,Tobacco dependence,Atrial fibrillation,1.5,1.248906424,1.268813898,13009,0.363636364,0.870220162,0.830902215,1851
Diabetes,Tobacco dependence,COPD,1.5,1.248906424,1.268813898,13009,3.666666667,3.566095471,3.583474816,1767
Diabetes,Tobacco dependence,Acquired heart diseases,1.5,1.248906424,1.268813898,13009,0.341614907,0.304013664,0.318819188,1355
Diabetes,Tobacco dependence,Obesity,1.5,1.248906424,1.268813898,13009,4.564356436,4.001955034,4.059843886,1153
Diabetes,Tobacco dependence,Motor disorders with no CVA,1.5,1.248906424,1.268813898,13009,0.947916667,0.924227318,0.913547237,1122
Diabetes,COPD,Arthrosis/spondylosis,4.038363171,4.065943152,4.063803396,12899,1.064156206,1.214423696,1.180109991,17456
Diabetes,COPD,Hyperlipidaemia,4.038363171,4.065943152,4.063803396,12899,1.084970306,0.93700318,0.967027754,12647
Diabetes,COPD,Hypertension,4.038363171,4.065943152,4.063803396,12899,0.94686907,0.9004884,0.914663223,10066
Diabetes,COPD,Chronic kidney disease,4.038363171,4.065943152,4.063803396,12899,1.1904,1.092006525,1.107993647,3778
Diabetes,COPD,Asthma,4.038363171,4.065943152,4.063803396,12899,0.494172494,0.420910494,0.442837274,3595
Diabetes,COPD,Anxiety disorder,4.038363171,4.065943152,4.063803396,12899,1.185501066,0.991197183,1.031538233,3361
Diabetes,COPD,Heart failure,4.038363171,4.065943152,4.063803396,12899,1.255263158,1.294170404,1.296116505,3090
Diabetes,COPD,Tobacco dependence,4.038363171,4.065943152,4.063803396,12899,0.743421053,0.701943844,0.708839406,2964
Diabetes,COPD,Atrial fibrillation,4.038363171,4.065943152,4.063803396,12899,1.31773399,1.328962372,1.330058062,2239
Diabetes,COPD,Psoriasis,4.038363171,4.065943152,4.063803396,12899,0.570093458,0.716697936,0.691539924,2104
Diabetes,COPD,Obesity,4.038363171,4.065943152,4.063803396,12899,1.101827676,0.99031477,1.011412268,2103
Diabetes,COPD,Ischemic heart disease,4.038363171,4.065943152,4.063803396,12899,0.890410959,0.946212121,0.948948949,1665
Diabetes,COPD,Gout and other crystal deposition diseases,4.038363171,4.065943152,4.063803396,12899,0.84057971,0.864361702,0.842432619,1447
Diabetes,COPD,Urinary lithiasis,4.038363171,4.065943152,4.063803396,12899,1.01510574,0.895038168,0.910310734,1416
Diabetes,COPD,Retinopathy,4.038363171,4.065943152,4.063803396,12899,1.223188406,1.126368159,1.144079886,1402
Diabetes,COPD,Gastroesophageal reflux disease,4.038363171,4.065943152,4.063803396,12899,0.807692308,0.877440347,0.841107872,1372
Diabetes,COPD,Hypothyroidism,4.038363171,4.065943152,4.063803396,12899,0.803883495,0.898648649,0.860711582,1321
Diabetes,COPD,Extremity arteriopathy diseases,4.038363171,4.065943152,4.063803396,12899,0.759375,0.938869666,0.902165196,1247
Diabetes,COPD,Ischemic hepatitis except for cirrhosis,4.038363171,4.065943152,4.063803396,12899,1.339449541,0.968094804,1.008964955,1227
Diabetes,COPD,Osteoporosis,4.038363171,4.065943152,4.063803396,12899,0.640232108,0.618320611,0.626126126,1110
Diabetes,COPD,Other arthropathies,4.038363171,4.065943152,4.063803396,12899,1.032258065,0.780821918,0.82967033,1092
Diabetes,COPD,Hepatic steatosis,4.038363171,4.065943152,4.063803396,12899,1.577586207,1.00436205,1.066854991,1062
Diabetes,Retinopathy,Hypertension,1.657527771,1.789725209,1.751515635,12536,0.924139443,0.995892457,0.963352739,13398
Diabetes,Retinopathy,Arthrosis/spondylosis,1.657527771,1.789725209,1.751515635,12536,3.740298507,3.579405366,3.652547336,5123
Diabetes,Retinopathy,Extremity arteriopathy diseases,1.657527771,1.789725209,1.751515635,12536,0.539251651,0.536401674,0.529661017,4012
Diabetes,Retinopathy,Hyperlipidaemia,1.657527771,1.789725209,1.751515635,12536,3.805177994,3.690757129,3.733684211,3800
Diabetes,Retinopathy,Heart failure,1.657527771,1.789725209,1.751515635,12536,1.049305556,0.921855146,0.988084039,3189
Diabetes,Retinopathy,Atrial fibrillation,1.657527771,1.789725209,1.751515635,12536,1.078106509,1.18742586,1.15450484,2686
Diabetes,Retinopathy,Ischemic heart disease,1.657527771,1.789725209,1.751515635,12536,0.753196931,0.750166113,0.747609148,2405
Diabetes,Retinopathy,Obesity,1.657527771,1.789725209,1.751515635,12536,4.153448276,4.097222222,4.078482668,1529
Diabetes,Retinopathy,Anxiety disorder,1.657527771,1.789725209,1.751515635,12536,3.68766756,3.727941176,3.707171315,1506
Diabetes,Retinopathy,Chronic kidney disease,1.657527771,1.789725209,1.751515635,12536,3.674740484,3.612440191,3.661784288,1502
Diabetes,Retinopathy,COPD,1.657527771,1.789725209,1.751515635,12536,3.481081081,3.321630804,3.371969697,1320
Diabetes,Mood disorder,Anxiety disorder,1.454130262,1.572107765,1.51253191,8618,0.896785438,0.777386541,0.846718964,8031
Diabetes,Mood disorder,Hypertension,1.454130262,1.572107765,1.51253191,8618,0.666587565,0.768498168,0.707997266,7315
Diabetes,Mood disorder,Heart failure,1.454130262,1.572107765,1.51253191,8618,0.60842803,0.486832205,0.558856191,3602
Diabetes,Mood disorder,Arthrosis/spondylosis,1.454130262,1.572107765,1.51253191,8618,3.690970275,3.632860041,3.644230769,2912
Diabetes,Mood disorder,Hyperlipidaemia,1.454130262,1.572107765,1.51253191,8618,3.740912606,3.602102102,3.690651003,2043
Diabetes,Mood disorder,Motor disorders with no CVA,1.454130262,1.572107765,1.51253191,8618,1.084821429,0.833075734,0.985157699,1617
Diabetes,Mood disorder,Atrial fibrillation,1.454130262,1.572107765,1.51253191,8618,1.044382802,0.842105263,0.957037037,1350
Diabetes,Mood disorder,Ischemic heart disease,1.454130262,1.572107765,1.51253191,8618,0.359877489,0.461247637,0.410339257,1238
Diabetes,Glaucoma,Hypertension,1.174796748,1.192297818,1.189015692,7010,0.918044319,1.201810176,1.093527153,7292
Diabetes,Glaucoma,Retinopathy,1.174796748,1.192297818,1.189015692,7010,0.467701342,0.392609058,0.42529458,6365
Diabetes,Glaucoma,Arthrosis/spondylosis,1.174796748,1.192297818,1.189015692,7010,3.950073421,3.916262136,3.939005317,3197
Diabetes,Glaucoma,Hyperlipidaemia,1.174796748,1.192297818,1.189015692,7010,3.771390374,3.996494303,3.913524384,1989
Diabetes,Glaucoma,Atrial fibrillation,1.174796748,1.192297818,1.189015692,7010,1.123006834,1.055476529,1.064026959,1187
Diabetes,Glaucoma,Heart failure,1.174796748,1.192297818,1.189015692,7010,1.398422091,1.015734266,1.194642857,1120
Diabetes,Chronic kidney disease,Hyperlipidaemia,4.493204983,4.622042068,4.591936469,6548,0.5276434,0.581971273,0.557237973,9312
Diabetes,Chronic kidney disease,Hypertension,4.493204983,4.622042068,4.591936469,6548,0.296470588,0.364359862,0.339850785,3887
Diabetes,Chronic kidney disease,Heart failure,4.493204983,4.622042068,4.591936469,6548,0.698354662,0.87839532,0.832644058,3627
Diabetes,Chronic kidney disease,Atrial fibrillation,4.493204983,4.622042068,4.591936469,6548,0.6875,0.804027505,0.765791341,2818
Diabetes,Chronic kidney disease,Obesity,4.493204983,4.622042068,4.591936469,6548,0.666666667,0.660545353,0.652221814,2723
Diabetes,Chronic kidney disease,Anxiety disorder,4.493204983,4.622042068,4.591936469,6548,0.917795845,0.807663411,0.863853503,2512
Diabetes,Chronic kidney disease,Motor disorders with no CVA,4.493204983,4.622042068,4.591936469,6548,0.708201893,0.854424358,0.796338673,1748
Diabetes,Chronic kidney disease,Arthrosis/spondylosis,4.493204983,4.622042068,4.591936469,6548,3.130977131,3.168449198,3.153432836,1675
Diabetes,Chronic kidney disease,Retinopathy,4.493204983,4.622042068,4.591936469,6548,0.76386037,0.766707169,0.778735632,1392
Diabetes,Chronic kidney disease,Ischemic heart disease,4.493204983,4.622042068,4.591936469,6548,0.673652695,0.668,0.66618705,1390
Diabetes,Chronic kidney disease,Dementia,4.493204983,4.622042068,4.591936469,6548,0.435424354,0.57329463,0.52027544,1307
Diabetes,Extremity arteriopathy diseases,Hypertension,1.513650794,1.700436409,1.624184944,5061,0.852985449,0.905447071,0.886856042,6231
Diabetes,Extremity arteriopathy diseases,Arthrosis/spondylosis,1.513650794,1.700436409,1.624184944,5061,3.898320896,3.650066401,3.763195951,2766
Diabetes,Extremity arteriopathy diseases,Atrial fibrillation,1.513650794,1.700436409,1.624184944,5061,0.912621359,0.995867769,0.950138504,2166
Diabetes,Extremity arteriopathy diseases,Ischemic heart disease,1.513650794,1.700436409,1.624184944,5061,0.89039039,0.857556038,0.864289023,2159
Diabetes,Extremity arteriopathy diseases,Heart failure,1.513650794,1.700436409,1.624184944,5061,1.08056266,1.033171521,1.051789077,2124
Diabetes,Extremity arteriopathy diseases,Hyperlipidaemia,1.513650794,1.700436409,1.624184944,5061,3.795355588,4.067681895,3.991890522,1973
Diabetes,Motor disorders with no CVA,Hypertension,2.01754386,2.067510549,2.062565172,3836,0.609655172,0.497722837,0.524028416,2393
Diabetes,Motor disorders with no CVA,Atrial fibrillation,2.01754386,2.067510549,2.062565172,3836,0.351851852,0.326833073,0.330661323,1996
Diabetes,Motor disorders with no CVA,Heart failure,2.01754386,2.067510549,2.062565172,3836,0.406810036,0.452339688,0.431151242,1772
Diabetes,Motor disorders with no CVA,Retinopathy,2.01754386,2.067510549,2.062565172,3836,0.365740741,0.273772205,0.313967136,1704
Diabetes,Motor disorders with no CVA,Extremity arteriopathy diseases,2.01754386,2.067510549,2.062565172,3836,0.174342105,0.259831461,0.239316239,1053
Diabetes,Asthma,Arthrosis/spondylosis,4.627639155,4.418101055,4.512856739,3539,1.224375,1.489116095,1.352183141,6596
Diabetes,Asthma,Hyperlipidaemia,4.627639155,4.418101055,4.512856739,3539,1.338110749,1.23540146,1.260235415,3908
Diabetes,Asthma,Hypertension,4.627639155,4.418101055,4.512856739,3539,1.29265873,1.16875412,1.211119459,2662
Diabetes,Asthma,Gastroesophageal reflux disease,4.627639155,4.418101055,4.512856739,3539,0.31598063,0.32195572,0.303527074,2013
Diabetes,Asthma,Anxiety disorder,4.627639155,4.418101055,4.512856739,3539,1.295511222,1.619302949,1.436137072,1605
Diabetes,Asthma,Osteoporosis,4.627639155,4.418101055,4.512856739,3539,0.241457859,0.312195122,0.274466519,1359
Diabetes,Asthma,Gout and other crystal deposition diseases,4.627639155,4.418101055,4.512856739,3539,0.168674699,0.207958922,0.188544153,1257
Diabetes,Asthma,Hepatic steatosis,4.627639155,4.418101055,4.512856739,3539,0.395348837,0.379400261,0.4013267,1206
Diabetes,Asthma,Obesity,4.627639155,4.418101055,4.512856739,3539,1.172093023,1.063176895,1.120076849,1041
Diabetes,Asthma,Chronic kidney disease,4.627639155,4.418101055,4.512856739,3539,0.50524109,0.837022133,0.66039604,1010
Diabetes,Dementia,Hypertension,1.868421053,2.048024012,1.985144189,3433,0.852727273,1.033453888,0.95412844,1744
Diabetes,Dementia,Other organic mental disorder,1.868421053,2.048024012,1.985144189,3433,0.910979228,0.718555417,0.768394649,1196
Diabetes,Dementia,Anxiety disorder,1.868421053,2.048024012,1.985144189,3433,0.626548673,0.677298311,0.664335664,1144
Diabetes,Alcohol dependence,Tobacco dependence,1.618834081,1.448299553,1.464532329,3186,0.62962963,0.366685299,0.375672766,1858
Diabetes,Alcohol dependence,Hypertension,1.618834081,1.448299553,1.464532329,3186,0.79787234,0.929197995,0.928445748,1705
Diabetes,Alcohol dependence,Atrial fibrillation,1.618834081,1.448299553,1.464532329,3186,0.456790123,0.496251874,0.489153254,1429
Diabetes,Alcohol dependence,Anxiety disorder,1.618834081,1.448299553,1.464532329,3186,0.60483871,0.705749718,0.693877551,1029
Diabetes,Other organic mental disorder,Alcohol dependence,2.385941645,1.919612591,2.058662093,2915,0.348623853,0.249637155,0.25862069,1508
Diabetes,Other organic mental disorder,Hypertension,2.385941645,1.919612591,2.058662093,2915,0.87628866,0.811414392,0.807286673,1043
Diabetes,Other organic mental disorder,Motor disorders with no CVA,2.385941645,1.919612591,2.058662093,2915,0.711911357,0.769230769,0.752646776,1039
Diabetes,Osteoporosis,Arthrosis/spondylosis,4.14709236,4.204783259,4.178361427,2551,0.73054452,0.748691099,0.74324563,5663
Diabetes,Osteoporosis,Hyperlipidaemia,4.14709236,4.204783259,4.178361427,2551,0.891646489,0.870838881,0.8697197,2533
Diabetes,Osteoporosis,Hypertension,4.14709236,4.204783259,4.178361427,2551,0.88708134,1.043243243,0.953835709,1473
Diabetes,Osteoporosis,Hypothyroidism,4.14709236,4.204783259,4.178361427,2551,0.380337637,0.358306189,0.377155172,1392
Diabetes,Osteoporosis,Anxiety disorder,4.14709236,4.204783259,4.178361427,2551,1.120689655,1.092664093,1.111764706,1360
Diabetes,Osteoporosis,Mood disorder,4.14709236,4.204783259,4.178361427,2551,0.71987315,0.237082067,0.583458647,1330
Diabetes,Other arthropathies,Hyperlipidaemia,3.97007722,3.888,3.965070644,2548,0.973941368,0.881322957,0.930527036,2922
Diabetes,Other arthropathies,Hypertension,3.97007722,3.888,3.965070644,2548,1.527824621,1.340269278,1.394224312,1489
Diabetes,Other arthropathies,Glaucoma,3.97007722,3.888,3.965070644,2548,0.209386282,0.165509259,0.185483871,1488
Diabetes,Other arthropathies,Tobacco dependence,3.97007722,3.888,3.965070644,2548,0.523489933,0.337209302,0.369705671,1393
Diabetes,Other arthropathies,Arthrosis/spondylosis,3.97007722,3.888,3.965070644,2548,3.701208981,3.426771654,3.54876161,1292
Diabetes,Other arthropathies,Anxiety disorder,3.97007722,3.888,3.965070644,2548,1.060034305,0.751243781,0.957718781,1017
Diabetes,Urinary lithiasis,Hyperlipidaemia,4.191400832,4.101280559,4.106692913,2540,1.139405204,1.155574043,1.153360768,3645
Diabetes,Urinary lithiasis,Hypertension,4.191400832,4.101280559,4.106692913,2540,1.154958678,1.372561769,1.312737643,2104
Diabetes,Urinary lithiasis,Anxiety disorder,4.191400832,4.101280559,4.106692913,2540,1.085714286,1.13356974,1.104192355,1622
Diabetes,Urinary lithiasis,Glaucoma,4.191400832,4.101280559,4.106692913,2540,0.251417769,0.249486653,0.249682338,1574
Diabetes,Urinary lithiasis,Arthrosis/spondylosis,4.191400832,4.101280559,4.106692913,2540,3.665898618,3.587616822,3.593704246,1366
Diabetes,Urinary lithiasis,Retinopathy,4.191400832,4.101280559,4.106692913,2540,0.703208556,0.49819928,0.553894571,1271
Diabetes,Psoriasis,Arthrosis/spondylosis,3.892957746,3.966688439,3.966368668,2349,0.815809098,1.022679325,0.934469586,3403
Diabetes,Psoriasis,Other arthropathies,3.892957746,3.966688439,3.966368668,2349,0.165835411,0.131155779,0.142266621,2903
Diabetes,Psoriasis,Hyperlipidaemia,3.892957746,3.966688439,3.966368668,2349,1.086038961,0.873218305,0.938446507,2047
Diabetes,Psoriasis,Urinary lithiasis,3.892957746,3.966688439,3.966368668,2349,0.235294118,0.27768595,0.266066066,1665
Diabetes,Psoriasis,Retinopathy,3.892957746,3.966688439,3.966368668,2349,0.315789474,0.34137931,0.341235632,1392
Diabetes,Psoriasis,Hypertension,3.892957746,3.966688439,3.966368668,2349,0.833333333,1.207301173,1.081939799,1196
Diabetes,Hepatic steatosis,Arthrosis/spondylosis,4.266384778,3.955708047,4.008751727,2171,0.984562607,1.018214936,1.002145002,2331
Diabetes,Hepatic steatosis,Hyperlipidaemia,4.266384778,3.955708047,4.008751727,2171,0.860050891,0.955482275,0.937914406,1659
Diabetes,Hepatic steatosis,Chronic kidney disease,4.266384778,3.955708047,4.008751727,2171,0.303964758,0.517964072,0.47189232,1263
Diabetes,Hepatic steatosis,Urinary lithiasis,4.266384778,3.955708047,4.008751727,2171,0.346666667,0.246231156,0.26641651,1066
Diabetes,Ischemic hepatitis except for cirrhosis,Hyperlipidaemia,4.273972603,3.964083176,4.048361934,1923,0.933014354,0.684684685,0.723498888,1349
Diabetes,Ischemic hepatitis except for cirrhosis,Arthrosis/spondylosis,4.273972603,3.964083176,4.048361934,1923,1.139737991,1.024236038,1.052330335,1223
Diabetes,Gastroesophageal reflux disease,Arthrosis/spondylosis,3.949025487,3.900369004,3.931805783,1833,0.939144737,1.263670412,1.107554894,2687
Diabetes,Gastroesophageal reflux disease,Hyperlipidaemia,3.949025487,3.900369004,3.931805783,1833,1.204545455,1.009615385,1.085628743,1670
Diabetes,Gastroesophageal reflux disease,Hypothyroidism,3.949025487,3.900369004,3.931805783,1833,0.200940071,0.36928702,0.267165194,1471
Diabetes,Acquired heart diseases,Heart failure,1.661242604,1.587595212,1.618933493,1669,0.539711191,0.671865253,0.607130125,2805
Diabetes,Acquired heart diseases,Hypertension,1.661242604,1.587595212,1.618933493,1669,0.626347305,0.600469116,0.607387141,2193
Diabetes,Acquired heart diseases,Arthrosis/spondylosis,1.661242604,1.587595212,1.618933493,1669,3.586907449,3.285271318,3.395575221,1130
Diabetes,Gout and other crystal deposition diseases,Hyperlipidaemia,3.650429799,3.72614841,3.723445596,1544,0.947460595,0.899791232,0.907919847,2096
Diabetes,Gout and other crystal deposition diseases,Chronic kidney disease,3.650429799,3.72614841,3.723445596,1544,0.784883721,0.645426516,0.675932699,1367
Diabetes,Gout and other crystal deposition diseases,Hypothyroidism,3.650429799,3.72614841,3.723445596,1544,0.277673546,0.263229308,0.264193793,1321
Diabetes,Gout and other crystal deposition diseases,Other arthropathies,3.650429799,3.72614841,3.723445596,1544,0.319634703,0.236387782,0.264635124,1247
Diabetes,Gout and other crystal deposition diseases,Hypertension,3.650429799,3.72614841,3.723445596,1544,0.854251012,1.139169473,1.08999159,1189
Diabetes,Age-related macular degeneration,Retinopathy,1.944223108,2.172690763,2.085300838,1313,0.23798627,0.246196404,0.235388311,1249
Diabetes,Age-related macular degeneration,Atrial fibrillation,1.944223108,2.172690763,2.085300838,1313,0.520884521,0.621069182,0.575757576,1089
